State/UT,District,Temperature,Condition,Humidity,,
Andhra Pradesh,Anantapur,22.1,Clear,64,,
Andhra Pradesh,Chittoor,18.5,Clear,93,,
Andhra Pradesh,East Godavari,19.4,Clear,86,,
Andhra Pradesh,Guntur,22.3,Mist,88,,
Andhra Pradesh,Krishna,22.3,Mist,88,,
Andhra Pradesh,Kurnool,21.8,Clear,66,,
Andhra Pradesh,Prakasam,27,Sunny,61,,
Andhra Pradesh,Srikakulam,20.8,Clear,78,,
Andhra Pradesh,Visakhapatnam,23.3,Clear,67,,
Andhra Pradesh,Vizianagaram,19.9,Clear,77,,
Arunachal Pradesh,Tawang,0.2,Partly Cloudy,87,,
Arunachal Pradesh,West Kameng,24.4,Clear,37,,
Arunachal Pradesh,East Kameng,24.4,Clear,37,,
Arunachal Pradesh,Papum Pare,38.2,Sunny,23,,
Arunachal Pradesh,Kurung Kumey,-21.5,Light snow,93,,
Arunachal Pradesh,Kra Daadi,30.5,Clear,29,,
Arunachal Pradesh,Lower Subansiri,-7.8,Sunny,37,,
Arunachal Pradesh,Upper Subansiri,17.7,Mist,94,,
Arunachal Pradesh,West Siang,18.3,Clear,34,,
Arunachal Pradesh,East Siang,18.3,Clear,34,,
Assam,Baksa,12.8,Partly Cloudy,74,,
Assam,Barpeta,15.4,Clear,73,,
Assam,Biswanath,20.7,Clear,74,,
Assam,Bongaigaon,16.6,Clear,75,,
Assam,Cachar,27,Sunny,61,,
Assam,Charaideo,27,Sunny,61,,
Assam,Chirang,15.2,Patchy rain nearby,85,,
Assam,Darrang,18.9,Clear,64,,
Assam,Dhemaji,18.2,Mist,88,,
Assam,Dhubri,17.3,Clear,60,,
Bihar,Araria,15.8,Clear,52,,
Bihar,Arwal,15.2,Mist,94,,
Bihar,Aurangabad,21.3,Mist,73,,
Bihar,Banka,15.7,Clear,52,,
Bihar,Begusarai,14.5,Clear,57,,
Bihar,Bhagalpur,15.3,Clear,55,,
Bihar,Bhojpur,14.2,Clear,47,,
Bihar,Buxar,15.3,Clear,62,,
Bihar,Darbhanga,14.8,Clear,54,,
Bihar,East Champaran,19.4,Clear,86,,
Chhattisgarh,Balod,18.4,Clear,28,,
Chhattisgarh,Baloda Bazar,19.7,Clear,30,,
Chhattisgarh,Balrampur,15.7,Clear,56,,
Chhattisgarh,Bastar,18.2,Clear,32,,
Chhattisgarh,Bemetara,19.7,Clear,30,,
Chhattisgarh,Bijapur,24.4,Clear,29,,
Chhattisgarh,Bilaspur,18.1,Clear,34,,
Chhattisgarh,Dantewada,27,Sunny,61,,
Chhattisgarh,Dhamtari,18.4,Clear,28,,
Chhattisgarh,Durg,20.6,Clear,28,,
Goa,North Goa,24.6,Clear,66,,
Goa,South Goa,24.6,Clear,66,,
Gujarat,Ahmedabad,21.4,Overcast,40,,
Gujarat,Amreli,18.8,Clear,37,,
Gujarat,Anand,18.1,Clear,33,,
Gujarat,Aravalli,27,Sunny,61,,
Gujarat,Banaskantha,15.5,Clear,36,,
Gujarat,Bharuch,20.2,Clear,35,,
Gujarat,Bhavnagar,20.2,Clear,43,,
Gujarat,Botad,19.6,Clear,34,,
Gujarat,Chhota Udaipur,14.7,Clear,37,,
Gujarat,Dahod,18.9,Clear,36,,
Haryana,Ambala,12.3,Clear,42,,
Haryana,Bhiwani,14.1,Clear,37,,
Haryana,Charkhi Dadri,14.1,Clear,37,,
Haryana,Faridabad,15,Mist,72,,
Haryana,Fatehabad,13.4,Clear,40,,
Haryana,Gurugram,27,Sunny,61,,
Haryana,Hisar,14.4,Clear,36,,
Haryana,Jhajjar,15,Mist,72,,
Haryana,Jind,13,Clear,38,,
Haryana,Kaithal,11.9,Clear,41,,
Himachal Pradesh,Bilaspur,18.1,Clear,34,,
Himachal Pradesh,Chamba,3.1,Clear,38,,
Himachal Pradesh,Hamirpur,17.2,Clear,64,,
Himachal Pradesh,Kangra,7.6,Clear,42,,
Himachal Pradesh,Kinnaur,27,Sunny,61,,
Himachal Pradesh,Kullu,26.6,Clear,13,,
Himachal Pradesh,Lahaul and Spiti,-27.3,Mist,96,,
Himachal Pradesh,Mandi,7.5,Clear,48,,
Himachal Pradesh,Shimla,8.8,Clear,56,,
Himachal Pradesh,Sirmaur,17.4,Clear,58,,
Jharkhand,Bokaro,18,Clear,42,,
Jharkhand,Chatra,15.4,Clear,54,,
Jharkhand,Deoghar,17.4,Clear,46,,
Jharkhand,Dhanbad,19,Clear,40,,
Jharkhand,Dumka,17.2,Clear,44,,
Jharkhand,East Singhbhum,19.4,Clear,86,,
Jharkhand,Garhwa,17.2,Clear,54,,
Jharkhand,Giridih,18,Clear,43,,
Jharkhand,Godda,15.7,Clear,52,,
Jharkhand,Gumla,16.3,Clear,48,,
Karnataka,Bagalkot,23.4,Clear,35,,
Karnataka,Ballari,22.4,Clear,59,,
Karnataka,Belagavi,22.3,Clear,47,,
Karnataka,Bengaluru Rural,20.2,Mist,78,,
Karnataka,Bengaluru Urban,20.2,Mist,78,,
Karnataka,Bidar,21.1,Clear,48,,
Karnataka,Chamarajanagar,27,Sunny,61,,
Karnataka,Chikkaballapur,27,Sunny,61,,
Karnataka,Chikkamagaluru,18.1,Clear,56,,
Karnataka,Chitradurga,22.3,Clear,47,,
Kerala,Alappuzha,26.3,Clear,75,,
Kerala,Ernakulam,27.3,Mist,66,,
Kerala,Idukki,19.7,Partly Cloudy,92,,
Kerala,Kannur,24,Clear,86,,
Kerala,Kasaragod,26.2,Clear,74,,
Kerala,Kollam,26.4,Clear,70,,
Kerala,Kottayam,23.2,Clear,89,,
Kerala,Kozhikode,26.2,Mist,79,,
Kerala,Malappuram,26.2,Mist,79,,
Kerala,Palakkad,24.1,Mist,69,,
Madhya Pradesh,Alirajpur,19.6,Clear,36,,
Madhya Pradesh,Anuppur,17.2,Clear,46,,
Madhya Pradesh,Ashoknagar,16.6,Clear,63,,
Madhya Pradesh,Balaghat,19.6,Clear,34,,
Madhya Pradesh,Barwani,20.3,Clear,35,,
Madhya Pradesh,Betul,19.1,Clear,47,,
Madhya Pradesh,Bhind,16.8,Partly Cloudy,60,,
Madhya Pradesh,Bhopal,16.9,Clear,61,,
Madhya Pradesh,Burhanpur,20.8,Clear,42,,
Madhya Pradesh,Chhatarpur,17.7,Clear,61,,
Maharashtra,Ahmednagar,22.8,Clear,27,,
Maharashtra,Akola,23.1,Clear,30,,
Maharashtra,Amravati,22.8,Clear,30,,
Maharashtra,Aurangabad,21.3,Mist,73,,
Maharashtra,Beed,13.2,Clear,44,,
Maharashtra,Bhandara,21.7,Clear,30,,
Maharashtra,Buldhana,27,Sunny,61,,
Maharashtra,Chandrapur,22.3,Clear,38,,
Maharashtra,Dhule,22.8,Clear,36,,
Maharashtra,Gadchiroli,27,Sunny,61,,
Manipur,Bishnupur,19,Mist,88,,
Manipur,Churachandpur,8.5,Clear,71,,
Manipur,Imphal East,7.5,Clear,65,,
Manipur,Imphal West,7.5,Clear,65,,
Manipur,Jiribam,27,Sunny,61,,
Manipur,Kakching,7.8,Clear,68,,
Manipur,Kamjong,27,Sunny,61,,
Manipur,Kangpokpi,7.5,Clear,65,,
Manipur,Noney,27,Sunny,61,,
Manipur,Pherzawl,27,Sunny,61,,
Meghalaya,East Garo Hills,23.6,Light rain shower,92,,
Meghalaya,East Khasi Hills,-0.7,Clear,80,,
Meghalaya,Jaintia Hills,20.2,Partly cloudy,78,,
Meghalaya,Ri Bhoi,16.4,Clear,26,,
Meghalaya,South Garo Hills,29.2,Mist,23,,
Meghalaya,South Khasi Hills,-0.7,Clear,80,,
Meghalaya,West Garo Hills,9.7,Clear,21,,
Meghalaya,West Khasi Hills,-0.7,Clear,80,,
Mizoram,Aizawl,13.2,Clear,61,,
Mizoram,Champhai,27,Sunny,61,,
Mizoram,Hnahthial,9,Clear,34,,
Mizoram,Kolasib,27,Sunny,61,,
Mizoram,Lawngtlai,11.7,Clear,48,,
Mizoram,Lunglei,11.5,Clear,52,,
Mizoram,Mamit,8.9,Clear,61,,
Mizoram,Saitual,8.9,Clear,61,,
Mizoram,Serchhip,11.9,Clear,52,,
Nagaland,Dimapur,12.7,Clear,63,,
Nagaland,Kiphire,27,Sunny,61,,
Nagaland,Kohima,8.7,Clear,52,,
Nagaland,Longleng,27,Sunny,61,,
Nagaland,Mokokchung,12.8,Clear,81,,
Nagaland,Mon,16.1,Patchy rain nearby,78,,
Nagaland,Peren,6.2,Partly cloudy,75,,
Nagaland,Phek,7,Clear,93,,
Nagaland,Tuensang,6.8,Mist,97,,
Nagaland,Zunheboto,9.2,Clear,88,,
Odisha,Angul,18.7,Clear,54,,
Odisha,Balangir,18.8,Clear,33,,
Odisha,Bargarh,21.6,Clear,28,,
Odisha,Bhadrak,20.4,Clear,88,,
Odisha,Boudh,27,Sunny,61,,
Odisha,Cuttack,21.3,Mist,94,,
Odisha,Deogarh,16.9,Clear,30,,
Odisha,Dhenkanal,21.3,Mist,94,,
Odisha,Gajapati,27,Sunny,61,,
Odisha,Ganjam,19.5,Clear,82,,
Punjab,Amritsar,10.3,Mist,82,,
Punjab,Barnala,10.9,Clear,37,,
Punjab,Bathinda,27,Sunny,61,,
Punjab,Faridkot,11.6,Clear,32,,
Punjab,Fatehgarh Sahib,11,Clear,42,,
Punjab,Fazilka,13,Clear,28,,
Punjab,Ferozepur,11.4,Clear,32,,
Punjab,Gurdaspur,10.4,Clear,41,,
Punjab,Hoshiarpur,11.1,Clear,43,,
Punjab,Jalandhar,10.6,Clear,38,,
Rajasthan,Ajmer,15.3,Clear,35,,
Rajasthan,Alwar,14.1,Clear,43,,
Rajasthan,Banswara,18.3,Clear,41,,
Rajasthan,Baran,17,Clear,67,,
Rajasthan,Barmer,15.9,Clear,29,,
Rajasthan,Bhilwara,14.2,Clear,33,,
Rajasthan,Bikaner,16.4,Clear,33,,
Rajasthan,Bundi,15.2,Clear,35,,
Rajasthan,Chittorgarh,27,Sunny,61,,
Rajasthan,Churu,17.1,Clear,32,,
Sikkim,East Sikkim,7.1,Clear,84,,
Sikkim,North Sikkim,7.1,Clear,84,,
Sikkim,South Sikkim,7.1,Clear,84,,
Sikkim,West Sikkim,7.1,Clear,84,,
Tamil Nadu,Ariyalur,24.3,Mist,89,,
Tamil Nadu,Chengalpattu,25.2,Mist,79,,
Tamil Nadu,Chennai,25.2,Mist,79,,
Tamil Nadu,Coimbatore,24.4,Mist,69,,
Tamil Nadu,Cuddalore,24.3,Partly Cloudy,74,,
Tamil Nadu,Dharmapuri,18.7,Clear,83,,
Tamil Nadu,Dindigul,24.2,Mist,89,,
Tamil Nadu,Erode,22.4,Clear,75,,
Tamil Nadu,Kallakurichi,27,Sunny,61,,
Tamil Nadu,Kanchipuram,25.2,Mist,79,,
Telangana,Adilabad,22,Clear,33,,
Telangana,Hyderabad,20.4,Mist,88,,
Telangana,Jagtial,21.6,Clear,43,,
Telangana,Jangaon,23.4,Mist,73,,
Telangana,Jayashankar Bhupalapally,27,Sunny,61,,
Telangana,Jogulamba Gadwal,22.5,Clear,58,,
Telangana,Kamareddy,27,Sunny,61,,
Telangana,Karimnagar,21.6,Clear,46,,
Telangana,Khammam,19,Clear,85,,
Telangana,Komaram Bheem Asifabad,22.2,Clear,33,,
Tripura,Dhalai,13.2,Clear,69,,
Tripura,Khowai,14.3,Clear,64,,
Tripura,North Tripura,15.4,Clear,54,,
Tripura,Sepahijala,27,Sunny,61,,
Tripura,South Tripura,15.4,Clear,54,,
Tripura,Unakoti,27,Sunny,61,,
Tripura,West Tripura,15.4,Clear,54,,
Uttar Pradesh,Agra,15,Clear,56,,
Uttar Pradesh,Aligarh,15.8,Clear,43,,
Uttar Pradesh,Allahabad,17.3,Partly Cloudy,51,,
Uttar Pradesh,Ambedkar Nagar,16.6,Clear,52,,
Uttar Pradesh,Amethi,16,Clear,54,,
Uttar Pradesh,Amroha,13.9,Clear,38,,
Uttar Pradesh,Auraiya,16,Clear,65,,
Uttar Pradesh,Azamgarh,15.5,Clear,54,,
Uttar Pradesh,Baghpat,15.3,Mist,72,,
Uttar Pradesh,Bahraich,16,Clear,60,,
Uttarakhand,Almora,6,Clear,50,,
Uttarakhand,Bageshwar,6,Clear,50,,
Uttarakhand,Chamoli,-8,Clear,58,,
Uttarakhand,Champawat,11.9,Clear,50,,
Uttarakhand,Dehradun,10.9,Clear,44,,
Uttarakhand,Haridwar,12.1,Clear,42,,
Uttarakhand,Nainital,27,Sunny,61,,
Uttarakhand,Pauri Garhwal,12.9,Clear,39,,
Uttarakhand,Pithoragarh,6.9,Clear,61,,
Uttarakhand,Rudraprayag,6.8,Clear,52,,
West Bengal,Alipurduar,27,Sunny,61,,
West Bengal,Bankura,19.1,Clear,50,,
West Bengal,Birbhum,27,Sunny,61,,
West Bengal,Burdwan,19,Clear,52,,
West Bengal,Cooch Behar,17.8,Clear,64,,
West Bengal,Dakshin Dinajpur,17.7,Clear,49,,
West Bengal,Hooghly,19,Mist,88,,
West Bengal,Howrah,19,Mist,88,,
West Bengal,Jalpaiguri,17.3,Clear,68,,
West Bengal,Jhargram,19.4,Clear,75,,
Andaman and Nicobar Islands,Nicobar,27.2,Light rain shower,80,,
Andaman and Nicobar Islands,North and Middle Andaman,27.2,Light rain shower,80,,
Andaman and Nicobar Islands,South Andaman,27.2,Light rain shower,80,,
Chandigarh,Chandigarh,12.1,Clear,40,,
Dadra and Nagar Haveli and Daman and Diu,Daman,21.2,Clear,42,,
Dadra and Nagar Haveli and Daman and Diu,Diu,18.8,Clear,35,,
Dadra and Nagar Haveli and Daman and Diu,Dadra and Nagar Haveli,21.2,Clear,42,,
Lakshadweep,Aminidivi,27,Sunny,61,,
Lakshadweep,Androth,27,Sunny,61,,
Lakshadweep,Bithra,27,Sunny,61,,
Lakshadweep,Kalapeni,27,Sunny,61,,
Lakshadweep,Kavaratti,27.4,Clear,72,,
Lakshadweep,Minicoy,27,Sunny,61,,
Lakshadweep,Suheli,27,Sunny,61,,
Delhi,Central Delhi,15.3,Mist,72,,
Delhi,East Delhi,15.3,Mist,72,,
Delhi,New Delhi,15.3,Mist,72,,
Delhi,North Delhi,15.3,Mist,72,,
Delhi,North East Delhi,15.3,Mist,72,,
Delhi,North West Delhi,15.3,Mist,72,,
Delhi,Shahdara,15.3,Mist,72,,
Delhi,South Delhi,15.3,Mist,72,,
Delhi,South East Delhi,15.3,Mist,72,,
Delhi,South West Delhi,15.3,Mist,72,,
Puducherry,Karaikal,23.9,Patchy rain nearby,77,,
Puducherry,Mahe,23.6,Clear,89,,
Puducherry,Puducherry,23.5,Partly Cloudy,76,,
Puducherry,Yanam,19.4,Clear,86,,
Andhra Pradesh,Anantapur,24.1,Sunny,42,,
Andhra Pradesh,Chittoor,21.2,Sunny,73,,
Andhra Pradesh,East Godavari,23.2,Sunny,65,,
Andhra Pradesh,Guntur,22.4,Sunny,70,,
Andhra Pradesh,Krishna,22.7,Sunny,74,,
Andhra Pradesh,Kurnool,24.8,Sunny,39,,
Andhra Pradesh,Prakasam,24.7,Sunny,72,,
Andhra Pradesh,Srikakulam,22.5,Sunny,63,,
Andhra Pradesh,Visakhapatnam,24.1,Sunny,59,,
Andhra Pradesh,Vizianagaram,22.4,Sunny,59,,
Arunachal Pradesh,Tawang,-0.5,Sunny,43,,
Arunachal Pradesh,West Kameng,26.3,Sunny,35,,
Arunachal Pradesh,East Kameng,26.3,Sunny,35,,
Arunachal Pradesh,Papum Pare,28.7,Sunny,25,,
Arunachal Pradesh,Kurung Kumey,-7.1,Light snow,78,,
Arunachal Pradesh,Kra Daadi,27.3,Partly cloudy,52,,
Arunachal Pradesh,Lower Subansiri,-12.7,Sunny,56,,
Arunachal Pradesh,Upper Subansiri,20.1,Sunny,77,,
Arunachal Pradesh,West Siang,21.8,Sunny,32,,
Arunachal Pradesh,East Siang,21.8,Sunny,32,,
Assam,Baksa,20.2,Sunny,48,,
Assam,Barpeta,20.1,Sunny,52,,
Assam,Biswanath,23.4,Sunny,41,,
Assam,Bongaigaon,20,Sunny,47,,
Assam,Cachar,24.7,Sunny,72,,
Assam,Charaideo,24.7,Sunny,72,,
Assam,Chirang,5.1,Sunny,63,,
Assam,Darrang,19.7,Sunny,49,,
Assam,Dhemaji,18.8,Sunny,46,,
Assam,Dhubri,20.3,Sunny,50,,
Bihar,Araria,19.7,Sunny,46,,
Bihar,Arwal,18.7,Sunny,46,,
Bihar,Aurangabad,23.5,Sunny,25,,
Bihar,Banka,18.9,Sunny,49,,
Bihar,Begusarai,18.3,Sunny,50,,
Bihar,Bhagalpur,18.9,Sunny,49,,
Bihar,Bhojpur,18.5,Sunny,37,,
Bihar,Buxar,18.6,Sunny,45,,
Bihar,Darbhanga,18.7,Sunny,48,,
Bihar,East Champaran,23.2,Sunny,65,,
Chhattisgarh,Balod,22.9,Sunny,24,,
Chhattisgarh,Baloda Bazar,23.5,Sunny,26,,
Chhattisgarh,Balrampur,18.4,Sunny,42,,
Chhattisgarh,Bastar,22.2,Sunny,23,,
Chhattisgarh,Bemetara,23.5,Sunny,26,,
Chhattisgarh,Bijapur,25.4,Sunny,26,,
Chhattisgarh,Bilaspur,22.8,Sunny,30,,
Chhattisgarh,Dantewada,24.7,Sunny,72,,
Chhattisgarh,Dhamtari,22.9,Sunny,24,,
Chhattisgarh,Durg,23.7,Sunny,21,,
Goa,North Goa,25.3,Sunny,43,,
Goa,South Goa,25.3,Sunny,43,,
Gujarat,Ahmedabad,22.4,Sunny,30,,
Gujarat,Amreli,22.6,Sunny,33,,
Gujarat,Anand,22.7,Sunny,30,,
Gujarat,Aravalli,24.7,Sunny,72,,
Gujarat,Banaskantha,20.3,Sunny,35,,
Gujarat,Bharuch,23.7,Sunny,31,,
Gujarat,Bhavnagar,23.2,Sunny,37,,
Gujarat,Botad,23,Sunny,31,,
Gujarat,Chhota Udaipur,19,Sunny,36,,
Gujarat,Dahod,22.6,Sunny,32,,
Haryana,Ambala,16.8,Sunny,37,,
Haryana,Bhiwani,17.6,Sunny,40,,
Haryana,Charkhi Dadri,17.6,Sunny,40,,
Haryana,Faridabad,19.2,Sunny,37,,
Haryana,Fatehabad,17.3,Sunny,35,,
Haryana,Gurugram,24.7,Sunny,72,,
Haryana,Hisar,17.6,Sunny,36,,
Haryana,Jhajjar,18.1,Sunny,39,,
Haryana,Jind,17.1,Sunny,39,,
Haryana,Kaithal,16.4,Sunny,40,,
Himachal Pradesh,Bilaspur,22.8,Sunny,30,,
Himachal Pradesh,Chamba,15.4,Sunny,33,,
Himachal Pradesh,Hamirpur,19.3,Sunny,44,,
Himachal Pradesh,Kangra,15.4,Sunny,33,,
Himachal Pradesh,Kinnaur,24.7,Sunny,72,,
Himachal Pradesh,Kullu,24.7,Sunny,14,,
Himachal Pradesh,Lahaul and Spiti,9.9,Sunny,38,,
Himachal Pradesh,Mandi,15.2,Sunny,35,,
Himachal Pradesh,Shimla,9.9,Sunny,38,,
Himachal Pradesh,Sirmaur,20.7,Sunny,44,,
Jharkhand,Bokaro,21.3,Sunny,30,,
Jharkhand,Chatra,19.8,Sunny,32,,
Jharkhand,Deoghar,20.7,Sunny,38,,
Jharkhand,Dhanbad,22.5,Sunny,30,,
Jharkhand,Dumka,20.8,Sunny,39,,
Jharkhand,East Singhbhum,23.2,Sunny,65,,
Jharkhand,Garhwa,20.1,Sunny,41,,
Jharkhand,Giridih,21,Sunny,34,,
Jharkhand,Godda,18.9,Sunny,49,,
Jharkhand,Gumla,21.4,Sunny,30,,
Karnataka,Bagalkot,24.8,Sunny,28,,
Karnataka,Ballari,24,Sunny,37,,
Karnataka,Belagavi,23.3,Sunny,25,,
Karnataka,Bengaluru Rural,21.9,Sunny,47,,
Karnataka,Bengaluru Urban,21.9,Sunny,47,,
Karnataka,Bidar,24.2,Sunny,25,,
Karnataka,Chamarajanagar,24.7,Sunny,72,,
Karnataka,Chikkaballapur,24.7,Sunny,72,,
Karnataka,Chikkamagaluru,21.2,Sunny,32,,
Karnataka,Chitradurga,23.4,Sunny,33,,
Kerala,Alappuzha,26.4,Partly cloudy,71,,
Kerala,Ernakulam,26.3,Sunny,74,,
Kerala,Idukki,21.8,Sunny,67,,
Kerala,Kannur,25.7,Sunny,64,,
Kerala,Kasaragod,25.2,Sunny,67,,
Kerala,Kollam,26.4,Partly cloudy,65,,
Kerala,Kottayam,26.3,Partly cloudy,68,,
Kerala,Kozhikode,26,Sunny,72,,
Kerala,Malappuram,25.9,Sunny,60,,
Kerala,Palakkad,24.9,Sunny,54,,
Madhya Pradesh,Alirajpur,22.6,Sunny,32,,
Madhya Pradesh,Anuppur,20.5,Sunny,42,,
Madhya Pradesh,Ashoknagar,20.9,Sunny,46,,
Madhya Pradesh,Balaghat,22.9,Sunny,33,,
Madhya Pradesh,Barwani,24.3,Sunny,29,,
Madhya Pradesh,Betul,22.1,Sunny,30,,
Madhya Pradesh,Bhind,19.2,Sunny,43,,
Madhya Pradesh,Bhopal,21.9,Sunny,39,,
Madhya Pradesh,Burhanpur,24,Sunny,28,,
Madhya Pradesh,Chhatarpur,21,Sunny,46,,
Maharashtra,Ahmednagar,24.2,Sunny,22,,
Maharashtra,Akola,25.1,Sunny,21,,
Maharashtra,Amravati,24.6,Sunny,22,,
Maharashtra,Aurangabad,23.5,Sunny,25,,
Maharashtra,Beed,15.4,Partly cloudy,31,,
Maharashtra,Bhandara,23.5,Sunny,29,,
Maharashtra,Buldhana,24.7,Sunny,72,,
Maharashtra,Chandrapur,24.3,Sunny,26,,
Maharashtra,Dhule,25.7,Sunny,27,,
Maharashtra,Gadchiroli,24.7,Sunny,72,,
Manipur,Bishnupur,23.9,Sunny,34,,
Manipur,Churachandpur,14.4,Sunny,53,,
Manipur,Imphal East,14.4,Sunny,53,,
Manipur,Imphal West,14.4,Sunny,53,,
Manipur,Jiribam,24.7,Sunny,72,,
Manipur,Kakching,14.4,Sunny,53,,
Manipur,Kamjong,24.7,Sunny,72,,
Manipur,Kangpokpi,14.4,Sunny,53,,
Manipur,Noney,24.7,Sunny,72,,
Manipur,Pherzawl,24.7,Sunny,72,,
Meghalaya,East Garo Hills,22.9,Light rain shower,89,,
Meghalaya,East Khasi Hills,2.9,Moderate or heavy snow showers,61,,
Meghalaya,Jaintia Hills,21.3,Sunny,47,,
Meghalaya,Ri Bhoi,19,Sunny,28,,
Meghalaya,South Garo Hills,26,Sunny,17,,
Meghalaya,South Khasi Hills,2.9,Moderate or heavy snow showers,61,,
Meghalaya,West Garo Hills,13.4,Patchy rain possible,41,,
Meghalaya,West Khasi Hills,2.9,Moderate or heavy snow showers,61,,
Mizoram,Aizawl,17.6,Sunny,47,,
Mizoram,Champhai,24.7,Sunny,72,,
Mizoram,Hnahthial,17.4,Sunny,29,,
Mizoram,Kolasib,24.7,Sunny,72,,
Mizoram,Lawngtlai,19,Sunny,42,,
Mizoram,Lunglei,19,Sunny,42,,
Mizoram,Mamit,17.6,Sunny,47,,
Mizoram,Saitual,17.6,Sunny,47,,
Mizoram,Serchhip,19,Sunny,42,,
Nagaland,Dimapur,17.6,Sunny,50,,
Nagaland,Kiphire,24.7,Sunny,72,,
Nagaland,Kohima,14.1,Sunny,53,,
Nagaland,Longleng,24.7,Sunny,72,,
Nagaland,Mokokchung,19.8,Sunny,50,,
Nagaland,Mon,19.9,Sunny,49,,
Nagaland,Peren,4.1,Light drizzle,86,,
Nagaland,Phek,14.1,Sunny,53,,
Nagaland,Tuensang,19.8,Sunny,50,,
Nagaland,Zunheboto,14.1,Sunny,53,,
Odisha,Angul,23,Sunny,30,,
Odisha,Balangir,23,Sunny,28,,
Odisha,Bargarh,23.7,Sunny,29,,
Odisha,Bhadrak,22.9,Sunny,43,,
Odisha,Boudh,24.7,Sunny,72,,
Odisha,Cuttack,23.4,Sunny,51,,
Odisha,Deogarh,21.7,Sunny,34,,
Odisha,Dhenkanal,23.4,Sunny,51,,
Odisha,Gajapati,24.7,Sunny,72,,
Odisha,Ganjam,22.1,Sunny,57,,
Punjab,Amritsar,15.8,Sunny,36,,
Punjab,Barnala,16.2,Sunny,36,,
Punjab,Bathinda,24.7,Sunny,72,,
Punjab,Faridkot,16.3,Sunny,34,,
Punjab,Fatehgarh Sahib,16.1,Sunny,37,,
Punjab,Fazilka,17.2,Sunny,33,,
Punjab,Ferozepur,16.2,Sunny,34,,
Punjab,Gurdaspur,15.9,Sunny,36,,
Punjab,Hoshiarpur,16.2,Sunny,38,,
Punjab,Jalandhar,15.9,Sunny,38,,
Rajasthan,Ajmer,19.5,Sunny,36,,
Rajasthan,Alwar,17.7,Sunny,41,,
Rajasthan,Banswara,23.2,Sunny,32,,
Rajasthan,Baran,22,Sunny,47,,
Rajasthan,Barmer,20.3,Sunny,24,,
Rajasthan,Bhilwara,20.3,Sunny,40,,
Rajasthan,Bikaner,19.5,Sunny,28,,
Rajasthan,Bundi,20.8,Sunny,49,,
Rajasthan,Chittorgarh,24.7,Sunny,72,,
Rajasthan,Churu,19.6,Sunny,31,,
Sikkim,East Sikkim,7.1,Sunny,58,,
Sikkim,North Sikkim,7.1,Sunny,58,,
Sikkim,South Sikkim,7.1,Sunny,58,,
Sikkim,West Sikkim,7.1,Sunny,58,,
Tamil Nadu,Ariyalur,23.4,Patchy rain possible,78,,
Tamil Nadu,Chengalpattu,23.7,Cloudy,72,,
Tamil Nadu,Chennai,24.8,Patchy rain possible,70,,
Tamil Nadu,Coimbatore,23.5,Sunny,60,,
Tamil Nadu,Cuddalore,24.3,Cloudy,75,,
Tamil Nadu,Dharmapuri,21.4,Sunny,68,,
Tamil Nadu,Dindigul,23,Sunny,71,,
Tamil Nadu,Erode,24.3,Sunny,59,,
Tamil Nadu,Kallakurichi,24.7,Sunny,72,,
Tamil Nadu,Kanchipuram,23.3,Partly cloudy,73,,
Telangana,Adilabad,24.4,Sunny,23,,
Telangana,Hyderabad,23.7,Sunny,33,,
Telangana,Jagtial,24.2,Sunny,25,,
Telangana,Jangaon,23.1,Sunny,40,,
Telangana,Jayashankar Bhupalapally,24.7,Sunny,72,,
Telangana,Jogulamba Gadwal,24.7,Sunny,34,,
Telangana,Kamareddy,24.7,Sunny,72,,
Telangana,Karimnagar,23.7,Sunny,31,,
Telangana,Khammam,23.5,Sunny,58,,
Telangana,Komaram Bheem Asifabad,23.7,Sunny,26,,
Tripura,Dhalai,18.5,Sunny,49,,
Tripura,Khowai,19.5,Sunny,49,,
Tripura,North Tripura,20.4,Sunny,41,,
Tripura,Sepahijala,24.7,Sunny,72,,
Tripura,South Tripura,20.4,Sunny,41,,
Tripura,Unakoti,24.7,Sunny,72,,
Tripura,West Tripura,20.4,Sunny,41,,
Uttar Pradesh,Agra,18.7,Sunny,42,,
Uttar Pradesh,Aligarh,18.2,Sunny,44,,
Uttar Pradesh,Allahabad,19.9,Sunny,42,,
Uttar Pradesh,Ambedkar Nagar,19.9,Sunny,36,,
Uttar Pradesh,Amethi,19.1,Sunny,39,,
Uttar Pradesh,Amroha,18.3,Sunny,38,,
Uttar Pradesh,Auraiya,19,Sunny,44,,
Uttar Pradesh,Azamgarh,18.6,Sunny,45,,
Uttar Pradesh,Baghpat,17.3,Sunny,41,,
Uttar Pradesh,Bahraich,18.7,Sunny,41,,
Uttarakhand,Almora,12.1,Sunny,35,,
Uttarakhand,Bageshwar,12.1,Sunny,35,,
Uttarakhand,Chamoli,-1.9,Patchy snow possible,44,,
Uttarakhand,Champawat,12.1,Sunny,35,,
Uttarakhand,Dehradun,14.9,Sunny,35,,
Uttarakhand,Haridwar,17.3,Sunny,36,,
Uttarakhand,Nainital,24.7,Sunny,72,,
Uttarakhand,Pauri Garhwal,17.4,Sunny,36,,
Uttarakhand,Pithoragarh,13.4,Sunny,34,,
Uttarakhand,Rudraprayag,-1.9,Patchy snow possible,44,,
West Bengal,Alipurduar,24.7,Sunny,72,,
West Bengal,Bankura,22.9,Sunny,30,,
West Bengal,Birbhum,24.7,Sunny,72,,
West Bengal,Burdwan,22.3,Sunny,36,,
West Bengal,Cooch Behar,20.5,Sunny,48,,
West Bengal,Dakshin Dinajpur,20.8,Sunny,41,,
West Bengal,Hooghly,22.7,Sunny,36,,
West Bengal,Howrah,23.7,Sunny,34,,
West Bengal,Jalpaiguri,20.3,Sunny,46,,
West Bengal,Jhargram,23.2,Sunny,34,,
Andaman and Nicobar Islands,Nicobar,27.4,Cloudy,72,,
Andaman and Nicobar Islands,North and Middle Andaman,27.4,Cloudy,72,,
Andaman and Nicobar Islands,South Andaman,27.4,Cloudy,72,,
Chandigarh,Chandigarh,17,Sunny,33,,
Dadra and Nagar Haveli and Daman and Diu,Daman,23.8,Sunny,42,,
Dadra and Nagar Haveli and Daman and Diu,Diu,23.2,Sunny,36,,
Dadra and Nagar Haveli and Daman and Diu,Dadra and Nagar Haveli,23.8,Sunny,42,,
Lakshadweep,Aminidivi,24.7,Sunny,72,,
Lakshadweep,Androth,24.7,Sunny,72,,
Lakshadweep,Bithra,24.7,Sunny,72,,
Lakshadweep,Kalapeni,24.7,Sunny,72,,
Lakshadweep,Kavaratti,28.2,Sunny,63,,
Lakshadweep,Minicoy,24.7,Sunny,72,,
Lakshadweep,Suheli,24.7,Sunny,72,,
Delhi,Central Delhi,18.8,Sunny,36,,
Delhi,East Delhi,18.8,Sunny,36,,
Delhi,New Delhi,19.2,Sunny,35,,
Delhi,North Delhi,18.8,Sunny,36,,
Delhi,North East Delhi,18.8,Sunny,36,,
Delhi,North West Delhi,18.8,Sunny,36,,
Delhi,Shahdara,19.5,Sunny,34,,
Delhi,South Delhi,18.8,Sunny,36,,
Delhi,South East Delhi,18.8,Sunny,36,,
Delhi,South West Delhi,18.8,Sunny,36,,
Puducherry,Karaikal,24.6,Patchy rain possible,77,,
Puducherry,Mahe,25.6,Sunny,67,,
Puducherry,Puducherry,24.3,Patchy rain possible,74,,
Puducherry,Yanam,23.2,Sunny,65,,
Andhra Pradesh,Anantapur,24.7,Sunny,46,,
Andhra Pradesh,Chittoor,21.5,Sunny,67,,
Andhra Pradesh,East Godavari,23.3,Sunny,66,,
Andhra Pradesh,Guntur,22.9,Sunny,71,,
Andhra Pradesh,Krishna,22.9,Sunny,74,,
Andhra Pradesh,Kurnool,25,Sunny,37,,
Andhra Pradesh,Prakasam,25,Sunny,72,,
Andhra Pradesh,Srikakulam,22.3,Sunny,62,,
Andhra Pradesh,Visakhapatnam,23.9,Sunny,59,,
Andhra Pradesh,Vizianagaram,22.3,Sunny,58,,
Arunachal Pradesh,Tawang,-0.2,Sunny,30,,
Arunachal Pradesh,West Kameng,25.3,Sunny,35,,
Arunachal Pradesh,East Kameng,25.3,Sunny,35,,
Arunachal Pradesh,Papum Pare,28.5,Sunny,11,,
Arunachal Pradesh,Kurung Kumey,-1,Light snow,80,,
Arunachal Pradesh,Kra Daadi,26.9,Sunny,47,,
Arunachal Pradesh,Lower Subansiri,-12.6,Overcast,59,,
Arunachal Pradesh,Upper Subansiri,20.2,Sunny,72,,
Arunachal Pradesh,West Siang,21.4,Sunny,36,,
Arunachal Pradesh,East Siang,21.4,Sunny,36,,
Assam,Baksa,19.9,Sunny,46,,
Assam,Barpeta,19.8,Sunny,49,,
Assam,Biswanath,22.7,Sunny,33,,
Assam,Bongaigaon,19.6,Sunny,43,,
Assam,Cachar,25,Sunny,72,,
Assam,Charaideo,25,Sunny,72,,
Assam,Chirang,5.2,Sunny,59,,
Assam,Darrang,19.1,Sunny,48,,
Assam,Dhemaji,18.3,Sunny,44,,
Assam,Dhubri,20.2,Sunny,49,,
Bihar,Araria,19.1,Sunny,41,,
Bihar,Arwal,18.4,Sunny,55,,
Bihar,Aurangabad,23.1,Sunny,29,,
Bihar,Banka,18.5,Sunny,56,,
Bihar,Begusarai,18.2,Sunny,58,,
Bihar,Bhagalpur,18.5,Sunny,56,,
Bihar,Bhojpur,18.2,Sunny,42,,
Bihar,Buxar,18.6,Sunny,53,,
Bihar,Darbhanga,18.2,Sunny,48,,
Bihar,East Champaran,23.3,Sunny,66,,
Chhattisgarh,Balod,21.7,Sunny,22,,
Chhattisgarh,Baloda Bazar,22.9,Sunny,29,,
Chhattisgarh,Balrampur,18,Sunny,51,,
Chhattisgarh,Bastar,21.1,Sunny,21,,
Chhattisgarh,Bemetara,22.9,Sunny,29,,
Chhattisgarh,Bijapur,25.3,Sunny,22,,
Chhattisgarh,Bilaspur,22.5,Sunny,34,,
Chhattisgarh,Dantewada,25,Sunny,72,,
Chhattisgarh,Dhamtari,21.7,Sunny,22,,
Chhattisgarh,Durg,22.8,Sunny,20,,
Goa,North Goa,26,Sunny,44,,
Goa,South Goa,26,Sunny,44,,
Gujarat,Ahmedabad,23.6,Sunny,33,,
Gujarat,Amreli,24.1,Sunny,32,,
Gujarat,Anand,24.1,Sunny,34,,
Gujarat,Aravalli,25,Sunny,72,,
Gujarat,Banaskantha,21.8,Sunny,37,,
Gujarat,Bharuch,24.8,Sunny,36,,
Gujarat,Bhavnagar,23.5,Sunny,42,,
Gujarat,Botad,24,Sunny,32,,
Gujarat,Chhota Udaipur,18.1,Sunny,31,,
Gujarat,Dahod,23.8,Sunny,34,,
Haryana,Ambala,16.5,Overcast,37,,
Haryana,Bhiwani,17.3,Sunny,33,,
Haryana,Charkhi Dadri,17.3,Sunny,33,,
Haryana,Faridabad,18.4,Sunny,35,,
Haryana,Fatehabad,17.3,Sunny,30,,
Haryana,Gurugram,25,Sunny,72,,
Haryana,Hisar,17.5,Sunny,31,,
Haryana,Jhajjar,17.3,Sunny,36,,
Haryana,Jind,16.9,Sunny,33,,
Haryana,Kaithal,16.1,Sunny,36,,
Himachal Pradesh,Bilaspur,22.5,Sunny,34,,
Himachal Pradesh,Chamba,15.4,Sunny,36,,
Himachal Pradesh,Hamirpur,19,Sunny,50,,
Himachal Pradesh,Kangra,15.4,Sunny,36,,
Himachal Pradesh,Kinnaur,25,Sunny,72,,
Himachal Pradesh,Kullu,25.1,Sunny,14,,
Himachal Pradesh,Lahaul and Spiti,11.9,Overcast,38,,
Himachal Pradesh,Mandi,16,Overcast,36,,
Himachal Pradesh,Shimla,11.9,Overcast,38,,
Himachal Pradesh,Sirmaur,20.7,Sunny,52,,
Jharkhand,Bokaro,20.7,Sunny,40,,
Jharkhand,Chatra,19.3,Sunny,44,,
Jharkhand,Deoghar,20.5,Sunny,45,,
Jharkhand,Dhanbad,22.2,Sunny,38,,
Jharkhand,Dumka,20.6,Sunny,45,,
Jharkhand,East Singhbhum,23.3,Sunny,66,,
Jharkhand,Garhwa,20.1,Sunny,50,,
Jharkhand,Giridih,20.6,Sunny,44,,
Jharkhand,Godda,18.5,Sunny,56,,
Jharkhand,Gumla,20.6,Sunny,39,,
Karnataka,Bagalkot,25,Sunny,24,,
Karnataka,Ballari,24.3,Sunny,42,,
Karnataka,Belagavi,23.8,Sunny,24,,
Karnataka,Bengaluru Rural,22.2,Sunny,48,,
Karnataka,Bengaluru Urban,22.2,Sunny,48,,
Karnataka,Bidar,23.7,Sunny,20,,
Karnataka,Chamarajanagar,25,Sunny,72,,
Karnataka,Chikkaballapur,25,Sunny,72,,
Karnataka,Chikkamagaluru,21.4,Sunny,39,,
Karnataka,Chitradurga,23.9,Sunny,38,,
Kerala,Alappuzha,26.7,Sunny,76,,
Kerala,Ernakulam,26.7,Sunny,74,,
Kerala,Idukki,21.7,Sunny,70,,
Kerala,Kannur,26.5,Sunny,71,,
Kerala,Kasaragod,26,Sunny,74,,
Kerala,Kollam,26.3,Sunny,67,,
Kerala,Kottayam,26.7,Patchy rain possible,73,,
Kerala,Kozhikode,26.6,Sunny,75,,
Kerala,Malappuram,26.6,Sunny,66,,
Kerala,Palakkad,25.1,Sunny,54,,
Madhya Pradesh,Alirajpur,23.8,Sunny,34,,
Madhya Pradesh,Anuppur,20,Sunny,46,,
Madhya Pradesh,Ashoknagar,21.1,Sunny,49,,
Madhya Pradesh,Balaghat,22.6,Sunny,33,,
Madhya Pradesh,Barwani,24.1,Sunny,28,,
Madhya Pradesh,Betul,21.3,Sunny,32,,
Madhya Pradesh,Bhind,18.7,Sunny,48,,
Madhya Pradesh,Bhopal,21.6,Sunny,44,,
Madhya Pradesh,Burhanpur,23.3,Sunny,28,,
Madhya Pradesh,Chhatarpur,21,Sunny,55,,
Maharashtra,Ahmednagar,23.8,Sunny,24,,
Maharashtra,Akola,24.5,Sunny,27,,
Maharashtra,Amravati,24.2,Sunny,25,,
Maharashtra,Aurangabad,23.1,Sunny,29,,
Maharashtra,Beed,14.1,Sunny,32,,
Maharashtra,Bhandara,22.9,Sunny,32,,
Maharashtra,Buldhana,25,Sunny,72,,
Maharashtra,Chandrapur,23.5,Sunny,25,,
Maharashtra,Dhule,25.1,Sunny,27,,
Maharashtra,Gadchiroli,25,Sunny,72,,
Manipur,Bishnupur,23.4,Sunny,29,,
Manipur,Churachandpur,14.2,Sunny,50,,
Manipur,Imphal East,14.2,Sunny,50,,
Manipur,Imphal West,14.2,Sunny,50,,
Manipur,Jiribam,25,Sunny,72,,
Manipur,Kakching,14.2,Sunny,50,,
Manipur,Kamjong,25,Sunny,72,,
Manipur,Kangpokpi,14.2,Sunny,50,,
Manipur,Noney,25,Sunny,72,,
Manipur,Pherzawl,25,Sunny,72,,
Meghalaya,East Garo Hills,22.4,Light rain shower,91,,
Meghalaya,East Khasi Hills,6.9,Overcast,58,,
Meghalaya,Jaintia Hills,21.5,Sunny,48,,
Meghalaya,Ri Bhoi,18.6,Sunny,24,,
Meghalaya,South Garo Hills,28.1,Sunny,16,,
Meghalaya,South Khasi Hills,6.9,Overcast,58,,
Meghalaya,West Garo Hills,13.5,Sunny,49,,
Meghalaya,West Khasi Hills,6.9,Overcast,58,,
Mizoram,Aizawl,16.9,Sunny,48,,
Mizoram,Champhai,25,Sunny,72,,
Mizoram,Hnahthial,17.2,Sunny,27,,
Mizoram,Kolasib,25,Sunny,72,,
Mizoram,Lawngtlai,18.2,Sunny,42,,
Mizoram,Lunglei,18.2,Sunny,42,,
Mizoram,Mamit,16.9,Sunny,48,,
Mizoram,Saitual,16.9,Sunny,48,,
Mizoram,Serchhip,18.2,Sunny,42,,
Nagaland,Dimapur,17.1,Sunny,49,,
Nagaland,Kiphire,25,Sunny,72,,
Nagaland,Kohima,13.8,Sunny,50,,
Nagaland,Longleng,25,Sunny,72,,
Nagaland,Mokokchung,19.4,Sunny,49,,
Nagaland,Mon,19.5,Sunny,47,,
Nagaland,Peren,1.8,Sunny,82,,
Nagaland,Phek,13.8,Sunny,50,,
Nagaland,Tuensang,19.4,Sunny,49,,
Nagaland,Zunheboto,13.8,Sunny,50,,
Odisha,Angul,22,Sunny,24,,
Odisha,Balangir,22.2,Sunny,23,,
Odisha,Bargarh,23,Sunny,25,,
Odisha,Bhadrak,22.6,Sunny,42,,
Odisha,Boudh,25,Sunny,72,,
Odisha,Cuttack,22.5,Sunny,46,,
Odisha,Deogarh,21.2,Sunny,31,,
Odisha,Dhenkanal,22.5,Sunny,46,,
Odisha,Gajapati,25,Sunny,72,,
Odisha,Ganjam,21.8,Sunny,52,,
Punjab,Amritsar,16.1,Sunny,33,,
Punjab,Barnala,16.1,Overcast,33,,
Punjab,Bathinda,25,Sunny,72,,
Punjab,Faridkot,16.5,Sunny,31,,
Punjab,Fatehgarh Sahib,16.1,Overcast,34,,
Punjab,Fazilka,16.9,Sunny,31,,
Punjab,Ferozepur,16.6,Sunny,31,,
Punjab,Gurdaspur,15.7,Sunny,35,,
Punjab,Hoshiarpur,16,Overcast,36,,
Punjab,Jalandhar,15.8,Cloudy,36,,
Rajasthan,Ajmer,19.9,Sunny,39,,
Rajasthan,Alwar,17.3,Sunny,42,,
Rajasthan,Banswara,23.7,Sunny,37,,
Rajasthan,Baran,21.7,Sunny,51,,
Rajasthan,Barmer,20.7,Sunny,27,,
Rajasthan,Bhilwara,20.5,Sunny,45,,
Rajasthan,Bikaner,18.8,Sunny,23,,
Rajasthan,Bundi,20.8,Sunny,51,,
Rajasthan,Chittorgarh,25,Sunny,72,,
Rajasthan,Churu,19,Sunny,26,,
Sikkim,East Sikkim,7.4,Sunny,53,,
Sikkim,North Sikkim,7.4,Sunny,53,,
Sikkim,South Sikkim,7.4,Sunny,53,,
Sikkim,West Sikkim,7.4,Sunny,53,,
Tamil Nadu,Ariyalur,23.1,Mist,78,,
Tamil Nadu,Chengalpattu,23.4,Partly cloudy,73,,
Tamil Nadu,Chennai,24.4,Partly cloudy,70,,
Tamil Nadu,Coimbatore,23.8,Sunny,59,,
Tamil Nadu,Cuddalore,23.9,Partly cloudy,76,,
Tamil Nadu,Dharmapuri,21.6,Sunny,63,,
Tamil Nadu,Dindigul,22.7,Sunny,69,,
Tamil Nadu,Erode,24.3,Sunny,59,,
Tamil Nadu,Kallakurichi,25,Sunny,72,,
Tamil Nadu,Kanchipuram,23.2,Sunny,72,,
Telangana,Adilabad,23.2,Sunny,22,,
Telangana,Hyderabad,23.7,Sunny,26,,
Telangana,Jagtial,23.5,Sunny,21,,
Telangana,Jangaon,23.2,Sunny,30,,
Telangana,Jayashankar Bhupalapally,25,Sunny,72,,
Telangana,Jogulamba Gadwal,24.9,Sunny,30,,
Telangana,Kamareddy,25,Sunny,72,,
Telangana,Karimnagar,23.2,Sunny,22,,
Telangana,Khammam,23.9,Sunny,59,,
Telangana,Komaram Bheem Asifabad,23.1,Sunny,22,,
Tripura,Dhalai,19.1,Sunny,49,,
Tripura,Khowai,19,Sunny,47,,
Tripura,North Tripura,19.7,Sunny,42,,
Tripura,Sepahijala,25,Sunny,72,,
Tripura,South Tripura,19.7,Sunny,42,,
Tripura,Unakoti,25,Sunny,72,,
Tripura,West Tripura,19.7,Sunny,42,,
Uttar Pradesh,Agra,17.9,Sunny,46,,
Uttar Pradesh,Aligarh,17.3,Sunny,44,,
Uttar Pradesh,Allahabad,20,Sunny,50,,
Uttar Pradesh,Ambedkar Nagar,19.1,Sunny,45,,
Uttar Pradesh,Amethi,18.6,Sunny,45,,
Uttar Pradesh,Amroha,17.8,Sunny,37,,
Uttar Pradesh,Auraiya,18.7,Sunny,47,,
Uttar Pradesh,Azamgarh,18.5,Sunny,51,,
Uttar Pradesh,Baghpat,16.7,Sunny,38,,
Uttar Pradesh,Bahraich,18.5,Sunny,48,,
Uttarakhand,Almora,13.3,Partly cloudy,32,,
Uttarakhand,Bageshwar,13.3,Partly cloudy,32,,
Uttarakhand,Chamoli,-0.4,Light freezing rain,46,,
Uttarakhand,Champawat,13.3,Partly cloudy,32,,
Uttarakhand,Dehradun,15.6,Overcast,35,,
Uttarakhand,Haridwar,17.5,Overcast,38,,
Uttarakhand,Nainital,25,Sunny,72,,
Uttarakhand,Pauri Garhwal,17.1,Partly cloudy,40,,
Uttarakhand,Pithoragarh,14.2,Partly cloudy,31,,
Uttarakhand,Rudraprayag,-0.4,Light freezing rain,46,,
West Bengal,Alipurduar,25,Sunny,72,,
West Bengal,Bankura,22.4,Sunny,35,,
West Bengal,Birbhum,25,Sunny,72,,
West Bengal,Burdwan,21.8,Sunny,37,,
West Bengal,Cooch Behar,20.4,Sunny,46,,
West Bengal,Dakshin Dinajpur,20,Sunny,37,,
West Bengal,Hooghly,22.1,Sunny,34,,
West Bengal,Howrah,23.2,Sunny,29,,
West Bengal,Jalpaiguri,20.1,Sunny,44,,
West Bengal,Jhargram,22.9,Sunny,29,,
Andaman and Nicobar Islands,Nicobar,27.6,Patchy rain possible,74,,
Andaman and Nicobar Islands,North and Middle Andaman,27.6,Patchy rain possible,74,,
Andaman and Nicobar Islands,South Andaman,27.6,Patchy rain possible,74,,
Chandigarh,Chandigarh,17.1,Overcast,37,,
Dadra and Nagar Haveli and Daman and Diu,Daman,24.4,Sunny,43,,
Dadra and Nagar Haveli and Daman and Diu,Diu,23.4,Sunny,46,,
Dadra and Nagar Haveli and Daman and Diu,Dadra and Nagar Haveli,24.4,Sunny,43,,
Lakshadweep,Aminidivi,25,Sunny,72,,
Lakshadweep,Androth,25,Sunny,72,,
Lakshadweep,Bithra,25,Sunny,72,,
Lakshadweep,Kalapeni,25,Sunny,72,,
Lakshadweep,Kavaratti,28.2,Patchy rain possible,71,,
Lakshadweep,Minicoy,25,Sunny,72,,
Lakshadweep,Suheli,25,Sunny,72,,
Delhi,Central Delhi,18,Sunny,34,,
Delhi,East Delhi,18,Sunny,34,,
Delhi,New Delhi,18.4,Sunny,33,,
Delhi,North Delhi,18,Sunny,34,,
Delhi,North East Delhi,18,Sunny,34,,
Delhi,North West Delhi,18,Sunny,34,,
Delhi,Shahdara,18.8,Sunny,32,,
Delhi,South Delhi,18,Sunny,34,,
Delhi,South East Delhi,18,Sunny,34,,
Delhi,South West Delhi,18,Sunny,34,,
Puducherry,Karaikal,24.4,Patchy rain possible,74,,
Puducherry,Mahe,26.3,Sunny,74,,
Puducherry,Puducherry,23.9,Partly cloudy,75,,
Puducherry,Yanam,23.3,Sunny,66,,
Andhra Pradesh,Anantapur,25.4,Sunny,50,,
Andhra Pradesh,Chittoor,22.9,Sunny,71,,
Andhra Pradesh,East Godavari,23.6,Sunny,65,,
Andhra Pradesh,Guntur,23.2,Sunny,72,,
Andhra Pradesh,Krishna,23.2,Sunny,76,,
Andhra Pradesh,Kurnool,25.5,Sunny,40,,
Andhra Pradesh,Prakasam,25.1,Sunny,77,,
Andhra Pradesh,Srikakulam,22.1,Sunny,62,,
Andhra Pradesh,Visakhapatnam,23.8,Sunny,60,,
Andhra Pradesh,Vizianagaram,22.2,Sunny,60,,
Arunachal Pradesh,Tawang,0.6,Sunny,23,,
Arunachal Pradesh,West Kameng,26.4,Sunny,32,,
Arunachal Pradesh,East Kameng,26.4,Sunny,32,,
Arunachal Pradesh,Papum Pare,28,Sunny,13,,
Arunachal Pradesh,Kurung Kumey,-5.2,Heavy snow,90,,
Arunachal Pradesh,Kra Daadi,26.6,Partly cloudy,43,,
Arunachal Pradesh,Lower Subansiri,-12.8,Overcast,64,,
Arunachal Pradesh,Upper Subansiri,21.3,Sunny,75,,
Arunachal Pradesh,West Siang,20,Sunny,23,,
Arunachal Pradesh,East Siang,20,Sunny,23,,
Assam,Baksa,19.3,Sunny,43,,
Assam,Barpeta,19.3,Sunny,45,,
Assam,Biswanath,21.7,Sunny,29,,
Assam,Bongaigaon,19.2,Sunny,42,,
Assam,Cachar,25.1,Sunny,77,,
Assam,Charaideo,25.1,Sunny,77,,
Assam,Chirang,5,Sunny,51,,
Assam,Darrang,19,Sunny,49,,
Assam,Dhemaji,18,Sunny,49,,
Assam,Dhubri,19.7,Sunny,44,,
Bihar,Araria,18,Sunny,41,,
Bihar,Arwal,17.2,Sunny,45,,
Bihar,Aurangabad,22.8,Sunny,28,,
Bihar,Banka,17.1,Sunny,42,,
Bihar,Begusarai,16.8,Sunny,44,,
Bihar,Bhagalpur,17.1,Sunny,42,,
Bihar,Bhojpur,18.3,Sunny,33,,
Bihar,Buxar,17.5,Sunny,47,,
Bihar,Darbhanga,16.7,Sunny,40,,
Bihar,East Champaran,23.6,Sunny,65,,
Chhattisgarh,Balod,20.7,Sunny,23,,
Chhattisgarh,Baloda Bazar,21.5,Sunny,21,,
Chhattisgarh,Balrampur,17.4,Sunny,38,,
Chhattisgarh,Bastar,20.4,Sunny,26,,
Chhattisgarh,Bemetara,21.5,Sunny,21,,
Chhattisgarh,Bijapur,25.2,Sunny,26,,
Chhattisgarh,Bilaspur,21.2,Sunny,22,,
Chhattisgarh,Dantewada,25.1,Sunny,77,,
Chhattisgarh,Dhamtari,20.7,Sunny,23,,
Chhattisgarh,Durg,21.8,Sunny,23,,
Goa,North Goa,26.6,Sunny,58,,
Goa,South Goa,26.6,Sunny,58,,
Gujarat,Ahmedabad,24.5,Sunny,34,,
Gujarat,Amreli,24.6,Sunny,36,,
Gujarat,Anand,24.8,Sunny,32,,
Gujarat,Aravalli,25.1,Sunny,77,,
Gujarat,Banaskantha,22.6,Sunny,41,,
Gujarat,Bharuch,25.6,Sunny,31,,
Gujarat,Bhavnagar,23.9,Sunny,42,,
Gujarat,Botad,24.8,Sunny,36,,
Gujarat,Chhota Udaipur,18.8,Sunny,50,,
Gujarat,Dahod,23.6,Sunny,32,,
Haryana,Ambala,16.4,Overcast,33,,
Haryana,Bhiwani,17.4,Overcast,40,,
Haryana,Charkhi Dadri,17.4,Overcast,40,,
Haryana,Faridabad,18.5,Partly cloudy,43,,
Haryana,Fatehabad,17.1,Sunny,29,,
Haryana,Gurugram,25.1,Sunny,77,,
Haryana,Hisar,17.6,Partly cloudy,33,,
Haryana,Jhajjar,17.5,Overcast,43,,
Haryana,Jind,17,Partly cloudy,34,,
Haryana,Kaithal,16.1,Sunny,34,,
Himachal Pradesh,Bilaspur,21.2,Sunny,22,,
Himachal Pradesh,Chamba,14.1,Sunny,38,,
Himachal Pradesh,Hamirpur,18.6,Sunny,60,,
Himachal Pradesh,Kangra,14.1,Sunny,38,,
Himachal Pradesh,Kinnaur,25.1,Sunny,77,,
Himachal Pradesh,Kullu,24.4,Sunny,19,,
Himachal Pradesh,Lahaul and Spiti,11.7,Cloudy,36,,
Himachal Pradesh,Mandi,15.3,Partly cloudy,38,,
Himachal Pradesh,Shimla,11.7,Cloudy,36,,
Himachal Pradesh,Sirmaur,19.2,Sunny,45,,
Jharkhand,Bokaro,19.4,Sunny,28,,
Jharkhand,Chatra,17.6,Sunny,32,,
Jharkhand,Deoghar,18.9,Sunny,34,,
Jharkhand,Dhanbad,20.7,Sunny,27,,
Jharkhand,Dumka,19.1,Sunny,33,,
Jharkhand,East Singhbhum,23.6,Sunny,65,,
Jharkhand,Garhwa,18.6,Sunny,38,,
Jharkhand,Giridih,19.2,Sunny,32,,
Jharkhand,Godda,17.1,Sunny,42,,
Jharkhand,Gumla,19.3,Sunny,26,,
Karnataka,Bagalkot,25.2,Sunny,36,,
Karnataka,Ballari,25.1,Sunny,46,,
Karnataka,Belagavi,24.1,Sunny,44,,
Karnataka,Bengaluru Rural,23,Cloudy,61,,
Karnataka,Bengaluru Urban,23,Cloudy,61,,
Karnataka,Bidar,23.2,Sunny,24,,
Karnataka,Chamarajanagar,25.1,Sunny,77,,
Karnataka,Chikkaballapur,25.1,Sunny,77,,
Karnataka,Chikkamagaluru,22,Mist,63,,
Karnataka,Chitradurga,24.8,Cloudy,51,,
Kerala,Alappuzha,26,Partly cloudy,78,,
Kerala,Ernakulam,26.1,Patchy rain possible,78,,
Kerala,Idukki,21.8,Light rain shower,87,,
Kerala,Kannur,26.4,Partly cloudy,74,,
Kerala,Kasaragod,25.9,Partly cloudy,78,,
Kerala,Kollam,25.9,Patchy rain possible,75,,
Kerala,Kottayam,25.5,Patchy rain possible,79,,
Kerala,Kozhikode,26.2,Patchy light drizzle,77,,
Kerala,Malappuram,25.6,Light rain shower,76,,
Kerala,Palakkad,26,Patchy rain possible,68,,
Madhya Pradesh,Alirajpur,23.6,Sunny,32,,
Madhya Pradesh,Anuppur,18.7,Sunny,32,,
Madhya Pradesh,Ashoknagar,20.2,Sunny,44,,
Madhya Pradesh,Balaghat,21.3,Sunny,26,,
Madhya Pradesh,Barwani,23.6,Sunny,30,,
Madhya Pradesh,Betul,20.3,Sunny,33,,
Madhya Pradesh,Bhind,18.5,Sunny,61,,
Madhya Pradesh,Bhopal,20.5,Sunny,39,,
Madhya Pradesh,Burhanpur,22.7,Sunny,31,,
Madhya Pradesh,Chhatarpur,19.9,Sunny,51,,
Maharashtra,Ahmednagar,23.5,Sunny,27,,
Maharashtra,Akola,23.9,Sunny,28,,
Maharashtra,Amravati,23.6,Sunny,28,,
Maharashtra,Aurangabad,22.8,Sunny,28,,
Maharashtra,Beed,13.8,Sunny,37,,
Maharashtra,Bhandara,21.8,Sunny,24,,
Maharashtra,Buldhana,25.1,Sunny,77,,
Maharashtra,Chandrapur,22.7,Sunny,24,,
Maharashtra,Dhule,25.1,Sunny,26,,
Maharashtra,Gadchiroli,25.1,Sunny,77,,
Manipur,Bishnupur,21.9,Sunny,26,,
Manipur,Churachandpur,14,Sunny,48,,
Manipur,Imphal East,14,Sunny,48,,
Manipur,Imphal West,14,Sunny,48,,
Manipur,Jiribam,25.1,Sunny,77,,
Manipur,Kakching,14,Sunny,48,,
Manipur,Kamjong,25.1,Sunny,77,,
Manipur,Kangpokpi,14,Sunny,48,,
Manipur,Noney,25.1,Sunny,77,,
Manipur,Pherzawl,25.1,Sunny,77,,
Meghalaya,East Garo Hills,22.9,Light rain shower,91,,
Meghalaya,East Khasi Hills,7.1,Overcast,65,,
Meghalaya,Jaintia Hills,22.4,Mist,61,,
Meghalaya,Ri Bhoi,17.9,Sunny,21,,
Meghalaya,South Garo Hills,27.3,Partly cloudy,16,,
Meghalaya,South Khasi Hills,7.1,Overcast,65,,
Meghalaya,West Garo Hills,13.6,Sunny,40,,
Meghalaya,West Khasi Hills,7.1,Overcast,65,,
Mizoram,Aizawl,17.2,Sunny,49,,
Mizoram,Champhai,25.1,Sunny,77,,
Mizoram,Hnahthial,16.8,Sunny,28,,
Mizoram,Kolasib,25.1,Sunny,77,,
Mizoram,Lawngtlai,18.3,Sunny,42,,
Mizoram,Lunglei,18.3,Sunny,42,,
Mizoram,Mamit,17.2,Sunny,49,,
Mizoram,Saitual,17.2,Sunny,49,,
Mizoram,Serchhip,18.3,Sunny,42,,
Nagaland,Dimapur,16.9,Sunny,50,,
Nagaland,Kiphire,25.1,Sunny,77,,
Nagaland,Kohima,13,Sunny,49,,
Nagaland,Longleng,25.1,Sunny,77,,
Nagaland,Mokokchung,19,Sunny,49,,
Nagaland,Mon,19,Sunny,49,,
Nagaland,Peren,0.9,Patchy rain possible,84,,
Nagaland,Phek,13,Sunny,49,,
Nagaland,Tuensang,19,Sunny,49,,
Nagaland,Zunheboto,13,Sunny,49,,
Odisha,Angul,21.5,Sunny,27,,
Odisha,Balangir,21.2,Sunny,26,,
Odisha,Bargarh,22,Sunny,22,,
Odisha,Bhadrak,21.9,Sunny,39,,
Odisha,Boudh,25.1,Sunny,77,,
Odisha,Cuttack,21.9,Sunny,51,,
Odisha,Deogarh,20,Sunny,27,,
Odisha,Dhenkanal,21.9,Sunny,51,,
Odisha,Gajapati,25.1,Sunny,77,,
Odisha,Ganjam,21.4,Sunny,54,,
Punjab,Amritsar,14.7,Sunny,29,,
Punjab,Barnala,15.6,Overcast,30,,
Punjab,Bathinda,25.1,Sunny,77,,
Punjab,Faridkot,15.6,Sunny,27,,
Punjab,Fatehgarh Sahib,15.4,Overcast,32,,
Punjab,Fazilka,16.2,Sunny,24,,
Punjab,Ferozepur,15.6,Sunny,27,,
Punjab,Gurdaspur,14.3,Sunny,35,,
Punjab,Hoshiarpur,15.1,Partly cloudy,40,,
Punjab,Jalandhar,14.7,Partly cloudy,35,,
Rajasthan,Ajmer,20.2,Sunny,48,,
Rajasthan,Alwar,18.1,Sunny,60,,
Rajasthan,Banswara,23.4,Sunny,36,,
Rajasthan,Baran,21,Sunny,48,,
Rajasthan,Barmer,21.3,Sunny,34,,
Rajasthan,Bhilwara,20.5,Sunny,44,,
Rajasthan,Bikaner,19.7,Sunny,40,,
Rajasthan,Bundi,20.4,Sunny,52,,
Rajasthan,Chittorgarh,25.1,Sunny,77,,
Rajasthan,Churu,19.2,Partly cloudy,41,,
Sikkim,East Sikkim,7.3,Sunny,48,,
Sikkim,North Sikkim,7.3,Sunny,48,,
Sikkim,South Sikkim,7.3,Sunny,48,,
Sikkim,West Sikkim,7.3,Sunny,48,,
Tamil Nadu,Ariyalur,24.2,Mist,80,,
Tamil Nadu,Chengalpattu,24.1,Partly cloudy,74,,
Tamil Nadu,Chennai,24.8,Partly cloudy,73,,
Tamil Nadu,Coimbatore,24.7,Patchy rain possible,72,,
Tamil Nadu,Cuddalore,24.7,Partly cloudy,78,,
Tamil Nadu,Dharmapuri,23.2,Patchy rain possible,73,,
Tamil Nadu,Dindigul,24,Patchy rain possible,77,,
Tamil Nadu,Erode,25.8,Patchy rain possible,68,,
Tamil Nadu,Kallakurichi,25.1,Sunny,77,,
Tamil Nadu,Kanchipuram,23.8,Sunny,74,,
Telangana,Adilabad,22.5,Sunny,24,,
Telangana,Hyderabad,23.4,Sunny,24,,
Telangana,Jagtial,23,Sunny,25,,
Telangana,Jangaon,23.3,Sunny,25,,
Telangana,Jayashankar Bhupalapally,25.1,Sunny,77,,
Telangana,Jogulamba Gadwal,25,Sunny,31,,
Telangana,Kamareddy,25.1,Sunny,77,,
Telangana,Karimnagar,22.7,Sunny,25,,
Telangana,Khammam,23.8,Mist,56,,
Telangana,Komaram Bheem Asifabad,22.4,Sunny,24,,
Tripura,Dhalai,18.8,Sunny,46,,
Tripura,Khowai,19,Sunny,45,,
Tripura,North Tripura,19.6,Sunny,42,,
Tripura,Sepahijala,25.1,Sunny,77,,
Tripura,South Tripura,19.6,Sunny,42,,
Tripura,Unakoti,25.1,Sunny,77,,
Tripura,West Tripura,19.6,Sunny,42,,
Uttar Pradesh,Agra,18.1,Sunny,59,,
Uttar Pradesh,Aligarh,17.5,Sunny,51,,
Uttar Pradesh,Allahabad,19.1,Sunny,51,,
Uttar Pradesh,Ambedkar Nagar,17.6,Sunny,30,,
Uttar Pradesh,Amethi,18.1,Sunny,38,,
Uttar Pradesh,Amroha,17.9,Overcast,35,,
Uttar Pradesh,Auraiya,18.5,Sunny,59,,
Uttar Pradesh,Azamgarh,17.7,Sunny,48,,
Uttar Pradesh,Baghpat,16.8,Overcast,40,,
Uttar Pradesh,Bahraich,18,Sunny,39,,
Uttarakhand,Almora,13.9,Overcast,26,,
Uttarakhand,Bageshwar,13.9,Overcast,26,,
Uttarakhand,Chamoli,0.3,Light freezing rain,42,,
Uttarakhand,Champawat,13.9,Overcast,26,,
Uttarakhand,Dehradun,15.2,Overcast,35,,
Uttarakhand,Haridwar,17.5,Sunny,37,,
Uttarakhand,Nainital,25.1,Sunny,77,,
Uttarakhand,Pauri Garhwal,17.1,Overcast,34,,
Uttarakhand,Pithoragarh,14.5,Overcast,26,,
Uttarakhand,Rudraprayag,0.3,Light freezing rain,42,,
West Bengal,Alipurduar,25.1,Sunny,77,,
West Bengal,Bankura,20.7,Sunny,24,,
West Bengal,Birbhum,25.1,Sunny,77,,
West Bengal,Burdwan,20.3,Sunny,29,,
West Bengal,Cooch Behar,19.7,Sunny,42,,
West Bengal,Dakshin Dinajpur,19,Sunny,39,,
West Bengal,Hooghly,20.6,Sunny,29,,
West Bengal,Howrah,21.7,Sunny,26,,
West Bengal,Jalpaiguri,19.5,Sunny,43,,
West Bengal,Jhargram,21.4,Sunny,22,,
Andaman and Nicobar Islands,Nicobar,27.7,Partly cloudy,70,,
Andaman and Nicobar Islands,North and Middle Andaman,27.7,Partly cloudy,70,,
Andaman and Nicobar Islands,South Andaman,27.7,Partly cloudy,70,,
Chandigarh,Chandigarh,16.3,Overcast,35,,
Dadra and Nagar Haveli and Daman and Diu,Daman,24.5,Sunny,42,,
Dadra and Nagar Haveli and Daman and Diu,Diu,23.2,Sunny,52,,
Dadra and Nagar Haveli and Daman and Diu,Dadra and Nagar Haveli,24.5,Sunny,42,,
Lakshadweep,Aminidivi,25.1,Sunny,77,,
Lakshadweep,Androth,25.1,Sunny,77,,
Lakshadweep,Bithra,25.1,Sunny,77,,
Lakshadweep,Kalapeni,25.1,Sunny,77,,
Lakshadweep,Kavaratti,28,Patchy rain possible,71,,
Lakshadweep,Minicoy,25.1,Sunny,77,,
Lakshadweep,Suheli,25.1,Sunny,77,,
Delhi,Central Delhi,18.1,Cloudy,40,,
Delhi,East Delhi,18.1,Cloudy,40,,
Delhi,New Delhi,18.6,Partly cloudy,40,,
Delhi,North Delhi,18.1,Cloudy,40,,
Delhi,North East Delhi,18.1,Cloudy,40,,
Delhi,North West Delhi,18.1,Cloudy,40,,
Delhi,Shahdara,18.8,Cloudy,39,,
Delhi,South Delhi,18.1,Cloudy,40,,
Delhi,South East Delhi,18.1,Cloudy,40,,
Delhi,South West Delhi,18.1,Cloudy,40,,
Puducherry,Karaikal,24.9,Light rain shower,81,,
Puducherry,Mahe,26.2,Partly cloudy,74,,
Puducherry,Puducherry,24.8,Sunny,76,,
Puducherry,Yanam,23.6,Sunny,65,,
